{
  "id": "1.0",
  "time": "2019-06-28T09:05:45+02:00",
  "releaseTime": "2011-11-17T23:00:00+01:00",
  "type": "release",
  "minecraftArguments": "${auth_player_name} ${auth_session} --gameDir ${game_directory} --assetsDir ${game_assets}",
  "mainClass": "net.minecraft.launchwrapper.Launch",
  "minimumLauncherVersion": 4,
  "tlauncherVersion": 0,
  "assets": "pre-1.6",
  "source": "local_version_repo",
  "libraries": [
    {
      "name": "net.minecraft:launchwrapper:1.5",
      "artifact": {
        "sha1": "5150b9c2951f0fde987ce9c33496e26add1de224",
        "size": 27787,
        "path": "net/minecraft/launchwrapper/1.5/launchwrapper-1.5.jar",
        "url": "https://libraries.minecraft.net/net/minecraft/launchwrapper/1.5/launchwrapper-1.5.jar"
      }
    },
    {
      "name": "net.sf.jopt-simple:jopt-simple:4.5",
      "artifact": {
        "sha1": "6065cc95c661255349c1d0756657be17c29a4fd3",
        "size": 61311,
        "path": "net/sf/jopt-simple/jopt-simple/4.5/jopt-simple-4.5.jar",
        "url": "https://libraries.minecraft.net/net/sf/jopt-simple/jopt-simple/4.5/jopt-simple-4.5.jar"
      }
    },
    {
      "name": "org.ow2.asm:asm-all:4.1",
      "artifact": {
        "sha1": "054986e962b88d8660ae4566475658469595ef58",
        "size": 214592,
        "path": "org/ow2/asm/asm-all/4.1/asm-all-4.1.jar",
        "url": "https://libraries.minecraft.net/org/ow2/asm/asm-all/4.1/asm-all-4.1.jar"
      }
    },
    {
      "name": "net.java.jinput:jinput:2.0.5",
      "artifact": {
        "sha1": "39c7796b469a600f72380316f6b1f11db6c2c7c4",
        "size": 208338,
        "path": "net/java/jinput/jinput/2.0.5/jinput-2.0.5.jar",
        "url": "https://libraries.minecraft.net/net/java/jinput/jinput/2.0.5/jinput-2.0.5.jar"
      }
    },
    {
      "name": "net.java.jutils:jutils:1.0.0",
      "artifact": {
        "sha1": "e12fe1fda814bd348c1579329c86943d2cd3c6a6",
        "size": 7508,
        "path": "net/java/jutils/jutils/1.0.0/jutils-1.0.0.jar",
        "url": "https://libraries.minecraft.net/net/java/jutils/jutils/1.0.0/jutils-1.0.0.jar"
      }
    },
    {
      "name": "org.lwjgl.lwjgl:lwjgl:2.9.0",
      "rules": [
        {
          "action": "allow"
        },
        {
          "action": "disallow",
          "os": {
            "name": "osx",
            "version": "^10\\.5\\.\\d$"
          }
        }
      ],
      "artifact": {
        "sha1": "5654d06e61a1bba7ae1e7f5233e1106be64c91cd",
        "size": 994633,
        "path": "org/lwjgl/lwjgl/lwjgl/2.9.0/lwjgl-2.9.0.jar",
        "url": "https://libraries.minecraft.net/org/lwjgl/lwjgl/lwjgl/2.9.0/lwjgl-2.9.0.jar"
      }
    },
    {
      "name": "org.lwjgl.lwjgl:lwjgl_util:2.9.0",
      "rules": [
        {
          "action": "allow"
        },
        {
          "action": "disallow",
          "os": {
            "name": "osx",
            "version": "^10\\.5\\.\\d$"
          }
        }
      ],
      "artifact": {
        "sha1": "a778846b64008fc7f48ead2377f034e547991699",
        "size": 173360,
        "path": "org/lwjgl/lwjgl/lwjgl_util/2.9.0/lwjgl_util-2.9.0.jar",
        "url": "https://libraries.minecraft.net/org/lwjgl/lwjgl/lwjgl_util/2.9.0/lwjgl_util-2.9.0.jar"
      }
    },
    {
      "name": "org.lwjgl.lwjgl:lwjgl-platform:2.9.0",
      "rules": [
        {
          "action": "allow"
        },
        {
          "action": "disallow",
          "os": {
            "name": "osx",
            "version": "^10\\.5\\.\\d$"
          }
        }
      ],
      "natives": {
        "linux": "natives-linux",
        "osx": "natives-osx",
        "windows": "natives-windows"
      },
      "extract": {
        "exclude": [
          "META-INF/"
        ]
      },
      "classifies": {
        "linux": {
          "sha1": "2ba5dcb11048147f1a74eff2deb192c001321f77",
          "size": 569061,
          "path": "org/lwjgl/lwjgl/lwjgl-platform/2.9.0/lwjgl-platform-2.9.0-natives-linux.jar",
          "url": "https://libraries.minecraft.net/org/lwjgl/lwjgl/lwjgl-platform/2.9.0/lwjgl-platform-2.9.0-natives-linux.jar"
        },
        "osx": {
          "sha1": "6621b382cb14cc409b041d8d72829156a87c31aa",
          "size": 518924,
          "path": "org/lwjgl/lwjgl/lwjgl-platform/2.9.0/lwjgl-platform-2.9.0-natives-osx.jar",
          "url": "https://libraries.minecraft.net/org/lwjgl/lwjgl/lwjgl-platform/2.9.0/lwjgl-platform-2.9.0-natives-osx.jar"
        },
        "windows": {
          "sha1": "3f11873dc8e84c854ec7c5a8fd2e869f8aaef764",
          "size": 609967,
          "path": "org/lwjgl/lwjgl/lwjgl-platform/2.9.0/lwjgl-platform-2.9.0-natives-windows.jar",
          "url": "https://libraries.minecraft.net/org/lwjgl/lwjgl/lwjgl-platform/2.9.0/lwjgl-platform-2.9.0-natives-windows.jar"
        }
      }
    },
    {
      "name": "org.lwjgl.lwjgl:lwjgl:2.9.1-nightly-20130708-debug3",
      "rules": [
        {
          "action": "allow",
          "os": {
            "name": "osx",
            "version": "^10\\.5\\.\\d$"
          }
        }
      ],
      "artifact": {
        "sha1": "884511652c756fac16b37236f863f346bd1ea121",
        "size": 996625,
        "path": "org/lwjgl/lwjgl/lwjgl/2.9.1-nightly-20130708-debug3/lwjgl-2.9.1-nightly-20130708-debug3.jar",
        "url": "https://libraries.minecraft.net/org/lwjgl/lwjgl/lwjgl/2.9.1-nightly-20130708-debug3/lwjgl-2.9.1-nightly-20130708-debug3.jar"
      }
    },
    {
      "name": "org.lwjgl.lwjgl:lwjgl_util:2.9.1-nightly-20130708-debug3",
      "rules": [
        {
          "action": "allow",
          "os": {
            "name": "osx",
            "version": "^10\\.5\\.\\d$"
          }
        }
      ],
      "artifact": {
        "sha1": "fb693ba4e22a85432a32e8a048893dc7a92f42ac",
        "size": 173338,
        "path": "org/lwjgl/lwjgl/lwjgl_util/2.9.1-nightly-20130708-debug3/lwjgl_util-2.9.1-nightly-20130708-debug3.jar",
        "url": "https://libraries.minecraft.net/org/lwjgl/lwjgl/lwjgl_util/2.9.1-nightly-20130708-debug3/lwjgl_util-2.9.1-nightly-20130708-debug3.jar"
      }
    },
    {
      "name": "org.lwjgl.lwjgl:lwjgl-platform:2.9.1-nightly-20130708-debug3",
      "rules": [
        {
          "action": "allow",
          "os": {
            "name": "osx",
            "version": "^10\\.5\\.\\d$"
          }
        }
      ],
      "natives": {
        "linux": "natives-linux",
        "osx": "natives-osx",
        "windows": "natives-windows"
      },
      "extract": {
        "exclude": [
          "META-INF/"
        ]
      },
      "classifies": {
        "osx": {
          "sha1": "a9b83ad85742cad09c3574a91b0423bac3f7a0f5",
          "size": 458181,
          "path": "org/lwjgl/lwjgl/lwjgl-platform/2.9.1-nightly-20130708-debug3/lwjgl-platform-2.9.1-nightly-20130708-debug3-natives-osx.jar",
          "url": "https://libraries.minecraft.net/org/lwjgl/lwjgl/lwjgl-platform/2.9.1-nightly-20130708-debug3/lwjgl-platform-2.9.1-nightly-20130708-debug3-natives-osx.jar"
        }
      }
    },
    {
      "name": "net.java.jinput:jinput-platform:2.0.5",
      "natives": {
        "linux": "natives-linux",
        "osx": "natives-osx",
        "windows": "natives-windows"
      },
      "extract": {
        "exclude": [
          "META-INF/"
        ]
      },
      "classifies": {
        "linux": {
          "sha1": "7ff832a6eb9ab6a767f1ade2b548092d0fa64795",
          "size": 10362,
          "path": "net/java/jinput/jinput-platform/2.0.5/jinput-platform-2.0.5-natives-linux.jar",
          "url": "https://libraries.minecraft.net/net/java/jinput/jinput-platform/2.0.5/jinput-platform-2.0.5-natives-linux.jar"
        },
        "osx": {
          "sha1": "53f9c919f34d2ca9de8c51fc4e1e8282029a9232",
          "size": 12186,
          "path": "net/java/jinput/jinput-platform/2.0.5/jinput-platform-2.0.5-natives-osx.jar",
          "url": "https://libraries.minecraft.net/net/java/jinput/jinput-platform/2.0.5/jinput-platform-2.0.5-natives-osx.jar"
        },
        "windows": {
          "sha1": "385ee093e01f587f30ee1c8a2ee7d408fd732e16",
          "size": 155179,
          "path": "net/java/jinput/jinput-platform/2.0.5/jinput-platform-2.0.5-natives-windows.jar",
          "url": "https://libraries.minecraft.net/net/java/jinput/jinput-platform/2.0.5/jinput-platform-2.0.5-natives-windows.jar"
        }
      }
    },
    {
      "name": "net.java.jinput:jinput-platform:2.0.5",
      "natives": {
        "linux": "natives-linux",
        "osx": "natives-osx",
        "windows": "natives-windows"
      },
      "extract": {
        "exclude": [
          "META-INF/"
        ]
      },
      "classifies": {
        "linux": {
          "sha1": "7ff832a6eb9ab6a767f1ade2b548092d0fa64795",
          "size": 10362,
          "path": "net/java/jinput/jinput-platform/2.0.5/jinput-platform-2.0.5-natives-linux.jar",
          "url": "https://libraries.minecraft.net/net/java/jinput/jinput-platform/2.0.5/jinput-platform-2.0.5-natives-linux.jar"
        },
        "osx": {
          "sha1": "53f9c919f34d2ca9de8c51fc4e1e8282029a9232",
          "size": 12186,
          "path": "net/java/jinput/jinput-platform/2.0.5/jinput-platform-2.0.5-natives-osx.jar",
          "url": "https://libraries.minecraft.net/net/java/jinput/jinput-platform/2.0.5/jinput-platform-2.0.5-natives-osx.jar"
        },
        "windows": {
          "sha1": "385ee093e01f587f30ee1c8a2ee7d408fd732e16",
          "size": 155179,
          "path": "net/java/jinput/jinput-platform/2.0.5/jinput-platform-2.0.5-natives-windows.jar",
          "url": "https://libraries.minecraft.net/net/java/jinput/jinput-platform/2.0.5/jinput-platform-2.0.5-natives-windows.jar"
        }
      }
    }
  ],
  "downloads": {
    "client": {
      "sha1": "b679fea27f2284836202e9365e13a82552092e5d",
      "size": 2362837,
      "url": "https://launcher.mojang.com/v1/objects/b679fea27f2284836202e9365e13a82552092e5d/client.jar"
    }
  },
  "assetIndex": {
    "id": "pre-1.6",
    "totalSize": 49381897,
    "size": 73813,
    "url": "https://launchermeta.mojang.com/v1/packages/4759bad2824e419da9db32861fcdc3a274336532/pre-1.6.json"
  },
  "skinVersion": false
}